,,BusStopCode,RoadName,Description,Latitude,Longitude,UpDown,LeftRight,Distance,Postal
26103,457,43581,Bt Batok West Ave 5,Blk 347,1.362519395,103.7513838,-15,0,95.03267014,650383
,458,43589,Bt Batok West Ave 5,Opp Blk 347,1.362272969,103.7515318,-15,0,76.28225213,650383
38564,457,43581,Bt Batok West Ave 5,Blk 347,1.362519395,103.7513838,-15,0,100.9700521,650384
,458,43589,Bt Batok West Ave 5,Opp Blk 347,1.362272969,103.7515318,-15,0,103.7672228,650384
38593,470,43649,Bt Batok West Ave 7,HomeTeamNS,1.36545844,103.750602,-15,1,185.8360151,650388
51715,291,76439,Tampines St 33,Blk 351,1.352881667,103.9626053,28,-2,182.496963,520346
23027,291,76439,Tampines St 33,Blk 351,1.352881667,103.9626053,28,-2,124.6453657,520347
70074,470,43649,Bt Batok West Ave 7,HomeTeamNS,1.36545844,103.750602,-15,1,171.4063839,650389
23054,291,76439,Tampines St 33,Blk 351,1.352881667,103.9626053,28,-2,93.32271944,520348
58284,292,76441,Tampines St 33,OPP BLK 345,1.352195034,103.9610519,27,-2,142.9204039,520342
,293,76449,Tampines St 33,Blk 343,1.352075082,103.9611301,27,-2,127.0461841,520342
61912,292,76441,Tampines St 33,OPP BLK 345,1.352195034,103.9610519,27,-2,138.3023139,520345
,293,76449,Tampines St 33,Blk 343,1.352075082,103.9611301,27,-2,127.3761857,520345
61879,291,76439,Tampines St 33,Blk 351,1.352881667,103.9626053,28,-2,51.9688751,520351
35753,292,76441,Tampines St 33,OPP BLK 345,1.352195034,103.9610519,27,-2,116.8392698,520341
,293,76449,Tampines St 33,Blk 343,1.352075082,103.9611301,27,-2,103.1626331,520341
51932,263,76261,Tampines St 45,Blk 489B,1.361640056,103.9574003,26,0,185.7827695,527498
,264,76269,Tampines St 45,Opp Blk 489A,1.361878204,103.9573982,26,0,160.702666,527498
14891,138,84261,Bedok Nth Ave 4,Saint Anthony's Canossian School,1.334189,103.941658,23,-5,56.67820824,460095
,139,84269,Bedok Nth Ave 4,Blk 95,1.334023333,103.9418503,23,-5,28.54301824,460095
23663,261,76251,Tampines St 45,Blk 487B,1.359708269,103.9582372,27,0,178.8657519,525497
,262,76259,Tampines St 45,Opp Blk 487B,1.359670158,103.9584245,27,0,161.9057369,525497
13081,261,76251,Tampines St 45,Blk 487B,1.359708269,103.9582372,27,0,151.2956421,521498
,262,76259,Tampines St 45,Opp Blk 487B,1.359670158,103.9584245,27,0,151.3040855,521498
12710,263,76261,Tampines St 45,Blk 489B,1.361640056,103.9574003,26,0,88.30747279,528498
,264,76269,Tampines St 45,Opp Blk 489A,1.361878204,103.9573982,26,0,63.02325571,528498
12779,259,76241,Tampines Ave 7,Blk 497D,1.358458027,103.9591706,27,0,155.4789533,526497
,260,76249,Tampines Ave 7,Blk 370,1.358366398,103.9594744,27,0,150.2705536,526497
,261,76251,Tampines St 45,Blk 487B,1.359708269,103.9582372,27,0,185.6018597,526497
,262,76259,Tampines St 45,Opp Blk 487B,1.359670158,103.9584245,27,0,164.7118072,526497
76935,292,76441,Tampines St 33,OPP BLK 345,1.352195034,103.9610519,27,-2,39.51412898,520343
,293,76449,Tampines St 33,Blk 343,1.352075082,103.9611301,27,-2,23.76587702,520343
79571,138,84261,Bedok Nth Ave 4,Saint Anthony's Canossian School,1.334189,103.941658,23,-5,74.61825976,463094
,139,84269,Bedok Nth Ave 4,Blk 95,1.334023333,103.9418503,23,-5,75.86029456,463094
12426,259,76241,Tampines Ave 7,Blk 497D,1.358458027,103.9591706,27,0,123.2562565,520369
,260,76249,Tampines Ave 7,Blk 370,1.358366398,103.9594744,27,0,94.14452898,520369
68003,157,84361,Bedok Nth Rd,Blk 547,1.329366389,103.924625,20,-6,122.1705061,461044
,158,84369,Bedok Nth Rd,Blk 45,1.329162,103.924608,20,-6,118.7747218,461044
,159,84371,Bedok Nth Ave 1,Blk 546,1.33055,103.9262383,20,-6,181.8463023,461044
,160,84379,Bedok Nth Ave 1,Opp Blk 546,1.330414956,103.926455,20,-6,178.3469868,461044
67701,292,76441,Tampines St 33,OPP BLK 345,1.352195034,103.9610519,27,-2,21.61789643,520334
,293,76449,Tampines St 33,Blk 343,1.352075082,103.9611301,27,-2,36.25696025,520334
,294,76451,Tampines St 33,BLK 324,1.35220341,103.9592861,27,-2,195.9524305,520334
61840,292,76441,Tampines St 33,OPP BLK 345,1.352195034,103.9610519,27,-2,182.3723154,520340
,293,76449,Tampines St 33,Blk 343,1.352075082,103.9611301,27,-2,181.2292865,520340
,294,76451,Tampines St 33,BLK 324,1.35220341,103.9592861,27,-2,129.9394889,520340
,295,76459,Tampines St 33,Blk 323,1.352080031,103.9587319,27,-2,156.4902452,520340
77774,263,76261,Tampines St 45,Blk 489B,1.361640056,103.9574003,26,0,81.54601764,520490
,264,76269,Tampines St 45,Opp Blk 489A,1.361878204,103.9573982,26,0,71.24415486,520490
,265,76271,Tampines St 45,Dunman Sec Sch,1.361811672,103.9551834,26,0,177.9312166,520490
,266,76279,Tampines St 45,Blk 491C,1.361885607,103.9550458,26,0,192.2693767,520490
12461,263,76261,Tampines St 45,Blk 489B,1.361640056,103.9574003,26,0,35.99147575,521489
,264,76269,Tampines St 45,Opp Blk 489A,1.361878204,103.9573982,26,0,62.10076993,521489
45513,259,76241,Tampines Ave 7,Blk 497D,1.358458027,103.9591706,27,0,145.9564261,524497
,260,76249,Tampines Ave 7,Blk 370,1.358366398,103.9594744,27,0,163.3541445,524497
,261,76251,Tampines St 45,Blk 487B,1.359708269,103.9582372,27,0,86.12274334,524497
,262,76259,Tampines St 45,Opp Blk 487B,1.359670158,103.9584245,27,0,65.93127496,524497
58478,259,76241,Tampines Ave 7,Blk 497D,1.358458027,103.9591706,27,0,96.83304579,527497
,260,76249,Tampines Ave 7,Blk 370,1.358366398,103.9594744,27,0,99.70661736,527497
,261,76251,Tampines St 45,Blk 487B,1.359708269,103.9582372,27,0,149.0083936,527497
,262,76259,Tampines St 45,Opp Blk 487B,1.359670158,103.9584245,27,0,128.0223979,527497
71412,290,76431,Tampines St 33,BLK 333,1.353726389,103.9612131,27,-1,144.9088386,520352
71433,263,76261,Tampines St 45,Blk 489B,1.361640056,103.9574003,26,0,171.0801314,521490
,264,76269,Tampines St 45,Opp Blk 489A,1.361878204,103.9573982,26,0,159.9122544,521490
,265,76271,Tampines St 45,Dunman Sec Sch,1.361811672,103.9551834,26,0,114.5249562,521490
,266,76279,Tampines St 45,Blk 491C,1.361885607,103.9550458,26,0,123.7518418,521490
46671,137,84259,Bedok Nth Ave 4,Blk 88,1.333288076,103.9391068,23,-5,199.7458887,464094
,138,84261,Bedok Nth Ave 4,Saint Anthony's Canossian School,1.334189,103.941658,23,-5,128.7775262,464094
,139,84269,Bedok Nth Ave 4,Blk 95,1.334023333,103.9418503,23,-5,131.6519185,464094
69544,263,76261,Tampines St 45,Blk 489B,1.361640056,103.9574003,26,0,97.67457237,522489
,264,76269,Tampines St 45,Opp Blk 489A,1.361878204,103.9573982,26,0,96.6387484,522489
,265,76271,Tampines St 45,Dunman Sec Sch,1.361811672,103.9551834,26,0,149.7736423,522489
,266,76279,Tampines St 45,Blk 491C,1.361885607,103.9550458,26,0,165.3962001,522489
,276,76349,Tampines Ave 9,Dunman Sec Sch,1.360385137,103.9555657,26,0,188.9013584,522489
12393,263,76261,Tampines St 45,Blk 489B,1.361640056,103.9574003,26,0,64.538351,520489
,264,76269,Tampines St 45,Opp Blk 489A,1.361878204,103.9573982,26,0,90.04260384,520489
,276,76349,Tampines Ave 9,Dunman Sec Sch,1.360385137,103.9555657,26,0,199.9081948,520489
35273,296,76461,Tampines St 34,Eden Condo,1.356109722,103.9598183,27,-1,196.3421334,520365
,297,76469,Tampines St 34,East Spring Sec Sch,1.356303394,103.9598505,27,-1,175.6877444,520365
44502,274,76339,Tampines St 11,Opp Tampines Changkat Cc,1.345471667,103.9469842,24,-3,178.3419611,521138
38163,136,84251,Bedok Nth Ave 4,Blk 99,1.333468321,103.938838,23,-5,140.2016235,460098
,137,84259,Bedok Nth Ave 4,Blk 88,1.333288076,103.9391068,23,-5,132.9954011,460098
74701,292,76441,Tampines St 33,OPP BLK 345,1.352195034,103.9610519,27,-2,61.33154317,520335
,293,76449,Tampines St 33,Blk 343,1.352075082,103.9611301,27,-2,76.22739712,520335
,294,76451,Tampines St 33,BLK 324,1.35220341,103.9592861,27,-2,149.0391703,520335
12449,259,76241,Tampines Ave 7,Blk 497D,1.358458027,103.9591706,27,0,198.1158927,521487
,261,76251,Tampines St 45,Blk 487B,1.359708269,103.9582372,27,0,30.81418754,521487
,262,76259,Tampines St 45,Opp Blk 487B,1.359670158,103.9584245,27,0,40.14969294,521487
59145,157,84361,Bedok Nth Rd,Blk 547,1.329366389,103.924625,20,-6,160.8651711,461043
,158,84369,Bedok Nth Rd,Blk 45,1.329162,103.924608,20,-6,147.2802608,461043
35249,294,76451,Tampines St 33,BLK 324,1.35220341,103.9592861,27,-2,118.7691499,520339
,295,76459,Tampines St 33,Blk 323,1.352080031,103.9587319,27,-2,112.4933482,520339
1114,306,53341,Sin Ming Ave,Bright Hill Stn Exit 2,1.363556389,103.8339417,2,1,32.38826444,570407
,307,53349,Sin Ming Ave,Bright Hill Stn Exit 1,1.363739827,103.8337932,2,1,56.57202,570407
84325,168,75269,Tampines Ave 6,Opp Blks 710/713,1.359172864,103.9381421,23,0,81.16135024,522523
,195,75471,Tampines Ave 6,Blk 602B,1.361598056,103.9379408,23,0,198.0773089,522523
,299,76511,Tampines Concourse,The Tampines Trilliant,1.359138,103.939389,23,0,138.7915171,522523
,300,76519,Tampines Concourse,BET BLKS 524B/523D,1.359206245,103.9392187,23,0,119.1146879,522523
45564,292,76441,Tampines St 33,OPP BLK 345,1.352195034,103.9610519,27,-2,107.6508134,520333
,293,76449,Tampines St 33,Blk 343,1.352075082,103.9611301,27,-2,121.3579939,520333
12984,171,75281,Tampines Ave 9,Blk 742A,1.360227893,103.9336381,22,0,70.19240426,520741
,172,75289,Tampines Ave 9,Opp Blks 741/742,1.360456672,103.9333167,22,0,57.93566247,520741
53341,113,84119,Bedok Sth Rd,Opp Temasek JC,1.319689028,103.9350681,22,-8,152.652002,460020
66083,310,53361,Sin Ming Ave,Blk 454,1.359298333,103.8303208,1,0,54.64423761,570453
,311,53369,Sin Ming Ave,Opp Blk 454,1.359473443,103.8301456,1,0,54.86295794,570453
23924,292,76441,Tampines St 33,OPP BLK 345,1.352195034,103.9610519,27,-2,87.79043208,520336
,293,76449,Tampines St 33,Blk 343,1.352075082,103.9611301,27,-2,101.3703535,520336
,294,76451,Tampines St 33,BLK 324,1.35220341,103.9592861,27,-2,119.9854113,520336
,295,76459,Tampines St 33,Blk 323,1.352080031,103.9587319,27,-2,182.9193135,520336
580,145,84301,Bedok Nth Ave 1,Blk 41,1.327821402,103.9265663,20,-7,86.31140247,461042
,146,84309,Bedok Nth Ave 1,Blk 423,1.328028033,103.926874,20,-7,118.8122815,461042
,187,84541,Chai Chee St,Blk 42,1.327618019,103.9251916,20,-7,78.97496296,461042
,188,84549,Chai Chee St,Opp Blk 42,1.327201689,103.9251209,20,-7,114.9049103,461042
77814,265,76271,Tampines St 45,Dunman Sec Sch,1.361811672,103.9551834,26,0,130.2291068,525491
,266,76279,Tampines St 45,Blk 491C,1.361885607,103.9550458,26,0,119.95906,525491
65258,259,76241,Tampines Ave 7,Blk 497D,1.358458027,103.9591706,27,0,117.0213655,520497
,260,76249,Tampines Ave 7,Blk 370,1.358366398,103.9594744,27,0,146.0176194,520497
,261,76251,Tampines St 45,Blk 487B,1.359708269,103.9582372,27,0,56.57700049,520497
,262,76259,Tampines St 45,Opp Blk 487B,1.359670158,103.9584245,27,0,41.36207193,520497
13283,259,76241,Tampines Ave 7,Blk 497D,1.358458027,103.9591706,27,0,43.08333923,523497
,260,76249,Tampines Ave 7,Blk 370,1.358366398,103.9594744,27,0,68.25973809,523497
,261,76251,Tampines St 45,Blk 487B,1.359708269,103.9582372,27,0,134.4110262,523497
,262,76259,Tampines St 45,Opp Blk 487B,1.359670158,103.9584245,27,0,117.5901119,523497
71461,292,76441,Tampines St 33,OPP BLK 345,1.352195034,103.9610519,27,-2,158.9659513,520338
,293,76449,Tampines St 33,Blk 343,1.352075082,103.9611301,27,-2,165.5586062,520338
,294,76451,Tampines St 33,BLK 324,1.35220341,103.9592861,27,-2,51.03133157,520338
,295,76459,Tampines St 33,Blk 323,1.352080031,103.9587319,27,-2,103.1222101,520338
35305,296,76461,Tampines St 34,Eden Condo,1.356109722,103.9598183,27,-1,195.7986739,520362
,297,76469,Tampines St 34,East Spring Sec Sch,1.356303394,103.9598505,27,-1,191.6866146,520362
46677,136,84251,Bedok Nth Ave 4,Blk 99,1.333468321,103.938838,23,-5,167.6840982,460096
,137,84259,Bedok Nth Ave 4,Blk 88,1.333288076,103.9391068,23,-5,136.3468622,460096
,138,84261,Bedok Nth Ave 4,Saint Anthony's Canossian School,1.334189,103.941658,23,-5,179.1463787,460096
,139,84269,Bedok Nth Ave 4,Blk 95,1.334023333,103.9418503,23,-5,188.1039526,460096
14653,145,84301,Bedok Nth Ave 1,Blk 41,1.327821402,103.9265663,20,-7,61.64314583,461041
,146,84309,Bedok Nth Ave 1,Blk 423,1.328028033,103.926874,20,-7,101.4461787,461041
,187,84541,Chai Chee St,Blk 42,1.327618019,103.9251916,20,-7,118.3461701,461041
,188,84549,Chai Chee St,Opp Blk 42,1.327201689,103.9251209,20,-7,124.7404074,461041
74668,265,76271,Tampines St 45,Dunman Sec Sch,1.361811672,103.9551834,26,0,76.65929889,524491
,266,76279,Tampines St 45,Blk 491C,1.361885607,103.9550458,26,0,71.80115202,524491
72945,288,76421,Tampines St 32,Opp Blk 331,1.353841243,103.9598719,27,-1,193.4488464,520357
,290,76431,Tampines St 33,BLK 333,1.353726389,103.9612131,27,-1,54.58422157,520357
80243,297,76469,Tampines St 34,East Spring Sec Sch,1.356303394,103.9598505,27,-1,193.6738622,520370
85804,475,21771,Yung Ho Rd,AFT CORP DR,1.326579924,103.7237302,-20,-7,158.6263393,611138
,476,21779,Yung Ho Rd,Aft Yuan Ching Rd,1.326435722,103.7242577,-20,-7,166.8717734,611138
53458,310,53361,Sin Ming Ave,Blk 454,1.359298333,103.8303208,1,0,102.4476613,570452
,311,53369,Sin Ming Ave,Opp Blk 454,1.359473443,103.8301456,1,0,109.0906825,570452
80514,292,76441,Tampines St 33,OPP BLK 345,1.352195034,103.9610519,27,-2,115.2738372,520332
,293,76449,Tampines St 33,Blk 343,1.352075082,103.9611301,27,-2,130.8262521,520332
,294,76451,Tampines St 33,BLK 324,1.35220341,103.9592861,27,-2,188.9480027,520332
35409,296,76461,Tampines St 34,Eden Condo,1.356109722,103.9598183,27,-1,177.4256694,521367
,297,76469,Tampines St 34,East Spring Sec Sch,1.356303394,103.9598505,27,-1,155.7118241,521367
78725,263,76261,Tampines St 45,Blk 489B,1.361640056,103.9574003,26,0,129.5056007,521488
,264,76269,Tampines St 45,Opp Blk 489A,1.361878204,103.9573982,26,0,155.3900179,521488
,276,76349,Tampines Ave 9,Dunman Sec Sch,1.360385137,103.9555657,26,0,176.4329144,521488
77887,292,76441,Tampines St 33,OPP BLK 345,1.352195034,103.9610519,27,-2,132.1669565,520337
,293,76449,Tampines St 33,Blk 343,1.352075082,103.9611301,27,-2,143.3681406,520337
,294,76451,Tampines St 33,BLK 324,1.35220341,103.9592861,27,-2,68.74822997,520337
,295,76459,Tampines St 33,Blk 323,1.352080031,103.9587319,27,-2,131.6473909,520337
38220,112,84111,Bedok Sth Rd,Temasek JC,1.319588026,103.935742,22,-8,163.9832419,460019
,113,84119,Bedok Sth Rd,Opp Temasek JC,1.319689028,103.9350681,22,-8,88.42593219,460019
52340,171,75281,Tampines Ave 9,Blk 742A,1.360227893,103.9336381,22,0,132.1124233,520740
,172,75289,Tampines Ave 9,Opp Blks 741/742,1.360456672,103.9333167,22,0,132.8953996,520740
,178,75339,Tampines St 71,Blk 734,1.358463099,103.9341521,22,0,179.6655623,520740
84367,168,75269,Tampines Ave 6,Opp Blks 710/713,1.359172864,103.9381421,23,0,113.162532,523523
,299,76511,Tampines Concourse,The Tampines Trilliant,1.359138,103.939389,23,0,101.1212235,523523
,300,76519,Tampines Concourse,BET BLKS 524B/523D,1.359206245,103.9392187,23,0,84.87125628,523523
,303,76541,Tampines Ave 9,Citylife@ Tampines,1.360247,103.940633,23,0,199.7376861,523523
,304,76549,Tampines Ave 9,Opp Citylife@ Tampines,1.360559,103.940515,23,0,197.2555117,523523
44977,225,76071,Tampines Ave 2,Blk 141,1.348026389,103.9451781,24,-3,160.0112051,520140
25613,136,84251,Bedok Nth Ave 4,Blk 99,1.333468321,103.938838,23,-5,87.04530191,460099
,137,84259,Bedok Nth Ave 4,Blk 88,1.333288076,103.9391068,23,-5,82.09644078,460099
85640,168,75269,Tampines Ave 6,Opp Blks 710/713,1.359172864,103.9381421,23,0,34.24184205,521523
,299,76511,Tampines Concourse,The Tampines Trilliant,1.359138,103.939389,23,0,115.0974786,521523
,300,76519,Tampines Concourse,BET BLKS 524B/523D,1.359206245,103.9392187,23,0,95.02725609,521523
73925,290,76431,Tampines St 33,BLK 333,1.353726389,103.9612131,27,-1,197.3035434,520354
37661,136,84251,Bedok Nth Ave 4,Blk 99,1.333468321,103.938838,23,-5,100.8673575,460100
,137,84259,Bedok Nth Ave 4,Blk 88,1.333288076,103.9391068,23,-5,118.8170278,460100
23944,224,76069,Tampines Ave 5,Blk 147,1.348753421,103.9420863,23,-2,54.19472797,521147
23690,294,76451,Tampines St 33,BLK 324,1.35220341,103.9592861,27,-2,195.6062691,520322
,295,76459,Tampines St 33,Blk 323,1.352080031,103.9587319,27,-2,149.5675846,520322
74809,310,53361,Sin Ming Ave,Blk 454,1.359298333,103.8303208,1,0,35.90636448,570454
,311,53369,Sin Ming Ave,Opp Blk 454,1.359473443,103.8301456,1,0,63.26316913,570454
51755,259,76241,Tampines Ave 7,Blk 497D,1.358458027,103.9591706,27,0,193.3354975,520487
,261,76251,Tampines St 45,Blk 487B,1.359708269,103.9582372,27,0,49.90355276,520487
,262,76259,Tampines St 45,Opp Blk 487B,1.359670158,103.9584245,27,0,68.84877867,520487
13030,265,76271,Tampines St 45,Dunman Sec Sch,1.361811672,103.9551834,26,0,155.7240246,527491
,266,76279,Tampines St 45,Blk 491C,1.361885607,103.9550458,26,0,140.5544413,527491
,277,76351,Tampines Ave 9,Blk 484,1.362138224,103.9530913,26,0,171.3488369,527491
66076,306,53341,Sin Ming Ave,Bright Hill Stn Exit 2,1.363556389,103.8339417,2,1,102.3567546,570408
,307,53349,Sin Ming Ave,Bright Hill Stn Exit 1,1.363739827,103.8337932,2,1,124.0867551,570408
76885,296,76461,Tampines St 34,Eden Condo,1.356109722,103.9598183,27,-1,126.4627462,520364
,297,76469,Tampines St 34,East Spring Sec Sch,1.356303394,103.9598505,27,-1,104.8642392,520364
33452,87,65011,Punggol Rd,Opp The Rivervale,1.381596968,103.8972095,14,4,66.26228171,541264
,88,65019,Punggol Rd,The Rivervale,1.381514078,103.8974924,14,4,84.57658022,541264
87090,441,21561,Corporation Dr,Blk 158,1.328893152,103.7227432,-20,-6,181.2019965,612138
,442,21569,Corporation Dr,Opp Blk 158,1.328572039,103.7228981,-20,-6,157.0316651,612138
,473,21761,Yuan Ching Rd,Blk 138B,1.328313333,103.7247681,-20,-6,52.72368431,612138
,474,21769,Yuan Ching Rd,Opp Blk 138B,1.328475541,103.7249038,-20,-6,66.9020091,612138
52273,225,76071,Tampines Ave 2,Blk 141,1.348026389,103.9451781,24,-3,177.770622,520143
17122,452,80229,Sims Dr,Blk 45,1.317289721,103.8781055,11,-9,37.79332129,380045
,455,80249,Sims Pl,Blk 49 Mkt/FC,1.316936431,103.8798599,11,-9,163.4831075,380045
,461,80289,Sims Pl,Sims Pl Ter,1.316075,103.8793281,11,-9,171.1360064,380045
74835,310,53361,Sin Ming Ave,Blk 454,1.359298333,103.8303208,1,0,91.83314493,570451
,311,53369,Sin Ming Ave,Opp Blk 454,1.359473443,103.8301456,1,0,107.1968294,570451
53191,157,84361,Bedok Nth Rd,Blk 547,1.329366389,103.924625,20,-6,81.05090171,461045
,158,84369,Bedok Nth Rd,Blk 45,1.329162,103.924608,20,-6,58.42930459,461045
,190,84559,Chai Chee St,Opp Blks 50/51,1.328333051,103.9228712,20,-6,183.6380844,461045
76901,171,75281,Tampines Ave 9,Blk 742A,1.360227893,103.9336381,22,0,77.32528181,520742
,172,75289,Tampines Ave 9,Opp Blks 741/742,1.360456672,103.9333167,22,0,96.46471329,520742
,178,75339,Tampines St 71,Blk 734,1.358463099,103.9341521,22,0,152.7194321,520742
76072,292,76441,Tampines St 33,OPP BLK 345,1.352195034,103.9610519,27,-2,179.8331305,520324
,293,76449,Tampines St 33,Blk 343,1.352075082,103.9611301,27,-2,190.4210814,520324
,294,76451,Tampines St 33,BLK 324,1.35220341,103.9592861,27,-2,26.94882859,520324
,295,76459,Tampines St 33,Blk 323,1.352080031,103.9587319,27,-2,86.06760902,520324
80291,288,76421,Tampines St 32,Opp Blk 331,1.353841243,103.9598719,27,-1,186.3479457,520356
,290,76431,Tampines St 33,BLK 333,1.353726389,103.9612131,27,-1,79.50795745,520356
69686,265,76271,Tampines St 45,Dunman Sec Sch,1.361811672,103.9551834,26,0,91.26438093,523491
,266,76279,Tampines St 45,Blk 491C,1.361885607,103.9550458,26,0,75.81336741,523491
,277,76351,Tampines Ave 9,Blk 484,1.362138224,103.9530913,26,0,180.5674029,523491
300,113,84119,Bedok Sth Rd,Opp Temasek JC,1.319689028,103.9350681,22,-8,197.5361816,460001
62202,171,75281,Tampines Ave 9,Blk 742A,1.360227893,103.9336381,22,0,120.7493642,520739
,172,75289,Tampines Ave 9,Opp Blks 741/742,1.360456672,103.9333167,22,0,136.9109043,520739
,178,75339,Tampines St 71,Blk 734,1.358463099,103.9341521,22,0,134.7026979,520739
85916,168,75269,Tampines Ave 6,Opp Blks 710/713,1.359172864,103.9381421,23,0,87.55694657,524523
,299,76511,Tampines Concourse,The Tampines Trilliant,1.359138,103.939389,23,0,58.65161234,524523
,300,76519,Tampines Concourse,BET BLKS 524B/523D,1.359206245,103.9392187,23,0,38.3249211,524523
23543,265,76271,Tampines St 45,Dunman Sec Sch,1.361811672,103.9551834,26,0,44.19797151,522491
,266,76279,Tampines St 45,Blk 491C,1.361885607,103.9550458,26,0,28.24530954,522491
69610,294,76451,Tampines St 33,BLK 324,1.35220341,103.9592861,27,-2,120.0516923,520323
,295,76459,Tampines St 33,Blk 323,1.352080031,103.9587319,27,-2,65.98851885,520323
38363,310,53361,Sin Ming Ave,Blk 454,1.359298333,103.8303208,1,0,72.65702317,570455
,311,53369,Sin Ming Ave,Opp Blk 454,1.359473443,103.8301456,1,0,99.42173845,570455
58065,259,76241,Tampines Ave 7,Blk 497D,1.358458027,103.9591706,27,0,66.77140086,522497
,260,76249,Tampines Ave 7,Blk 370,1.358366398,103.9594744,27,0,99.32472866,522497
,261,76251,Tampines St 45,Blk 487B,1.359708269,103.9582372,27,0,156.056394,522497
,262,76259,Tampines St 45,Opp Blk 487B,1.359670158,103.9584245,27,0,148.1278343,522497
21415,87,65011,Punggol Rd,Opp The Rivervale,1.381596968,103.8972095,14,4,81.58520882,542264
,88,65019,Punggol Rd,The Rivervale,1.381514078,103.8974924,14,4,108.3285199,542264
68153,310,53361,Sin Ming Ave,Blk 454,1.359298333,103.8303208,1,0,104.9983885,570450
,311,53369,Sin Ming Ave,Opp Blk 454,1.359473443,103.8301456,1,0,127.2060314,570450
87080,441,21561,Corporation Dr,Blk 158,1.328893152,103.7227432,-20,-6,127.3037722,613138
,442,21569,Corporation Dr,Opp Blk 158,1.328572039,103.7228981,-20,-6,100.7572863,613138
,473,21761,Yuan Ching Rd,Blk 138B,1.328313333,103.7247681,-20,-6,108.7926533,613138
,474,21769,Yuan Ching Rd,Opp Blk 138B,1.328475541,103.7249038,-20,-6,123.0457505,613138
35096,225,76071,Tampines Ave 2,Blk 141,1.348026389,103.9451781,24,-3,150.3456892,521102
,226,76079,Tampines Ave 2,Blk 101,1.347943889,103.945635,24,-3,136.8597089,521102
12749,259,76241,Tampines Ave 7,Blk 497D,1.358458027,103.9591706,27,0,129.6427472,521497
,260,76249,Tampines Ave 7,Blk 370,1.358366398,103.9594744,27,0,164.7262114,521497
,261,76251,Tampines St 45,Blk 487B,1.359708269,103.9582372,27,0,116.2276765,521497
,262,76259,Tampines St 45,Opp Blk 487B,1.359670158,103.9584245,27,0,118.2271803,521497
23083,290,76431,Tampines St 33,BLK 333,1.353726389,103.9612131,27,-1,153.1310882,520355
23408,288,76421,Tampines St 32,Opp Blk 331,1.353841243,103.9598719,27,-1,144.0006077,520358
,289,76429,Tampines St 32,Blk 331,1.353692221,103.959589,27,-1,179.4872155,520358
,290,76431,Tampines St 33,BLK 333,1.353726389,103.9612131,27,-1,86.21402119,520358
538,145,84301,Bedok Nth Ave 1,Blk 41,1.327821402,103.9265663,20,-7,197.5522435,461040
,188,84549,Chai Chee St,Opp Blk 42,1.327201689,103.9251209,20,-7,198.9379361,461040
47946,49,83111,Jln Eunos,Blk 17,1.32346854,103.9052731,16,-7,105.7559692,400018
47948,49,83111,Jln Eunos,Blk 17,1.32346854,103.9052731,16,-7,105.7559692,400018
85499,168,75269,Tampines Ave 6,Opp Blks 710/713,1.359172864,103.9381421,23,0,88.61933913,522524
,299,76511,Tampines Concourse,The Tampines Trilliant,1.359138,103.939389,23,0,56.6795856,522524
,300,76519,Tampines Concourse,BET BLKS 524B/523D,1.359206245,103.9392187,23,0,43.86635013,522524
52348,294,76451,Tampines St 33,BLK 324,1.35220341,103.9592861,27,-2,52.16547,520325
,295,76459,Tampines St 33,Blk 323,1.352080031,103.9587319,27,-2,72.52797784,520325
62265,288,76421,Tampines St 32,Opp Blk 331,1.353841243,103.9598719,27,-1,54.62566244,520331
,289,76429,Tampines St 32,Blk 331,1.353692221,103.959589,27,-1,43.38677317,520331
,290,76431,Tampines St 33,BLK 333,1.353726389,103.9612131,27,-1,163.3604431,520331
269,136,84251,Bedok Nth Ave 4,Blk 99,1.333468321,103.938838,23,-5,151.6720678,460101
,137,84259,Bedok Nth Ave 4,Blk 88,1.333288076,103.9391068,23,-5,186.7019013,460101
80733,263,76261,Tampines St 45,Blk 489B,1.361640056,103.9574003,26,0,196.8016694,520488
,275,76341,Tampines Ave 9,Blk 464,1.359763051,103.9553501,26,0,120.7178304,520488
,276,76349,Tampines Ave 9,Dunman Sec Sch,1.360385137,103.9555657,26,0,87.39930005,520488
45143,277,76351,Tampines Ave 9,Blk 484,1.362138224,103.9530913,26,0,109.0477871,520492
56840,326,67161,Sengkang East Ave,Opp Blk 101,1.382125,103.8992683,15,4,181.0546984,541267
,327,67169,Sengkang East Ave,Blk 101,1.382534701,103.8992222,15,4,157.8774174,541267
23856,171,75281,Tampines Ave 9,Blk 742A,1.360227893,103.9336381,22,0,126.9299637,520738
,172,75289,Tampines Ave 9,Opp Blks 741/742,1.360456672,103.9333167,22,0,155.6640694,520738
,178,75339,Tampines St 71,Blk 734,1.358463099,103.9341521,22,0,91.73481438,520738
28071,452,80229,Sims Dr,Blk 45,1.317289721,103.8781055,11,-9,92.99440946,380050
,455,80249,Sims Pl,Blk 49 Mkt/FC,1.316936431,103.8798599,11,-9,170.8790935,380050
,458,80269,Lor 17 Geylang,Bef Sims Ave,1.31501453,103.878361,11,-9,164.8501401,380050
,461,80289,Sims Pl,Sims Pl Ter,1.316075,103.8793281,11,-9,114.9164699,380050
61962,171,75281,Tampines Ave 9,Blk 742A,1.360227893,103.9336381,22,0,92.41667983,520735
,172,75289,Tampines Ave 9,Opp Blks 741/742,1.360456672,103.9333167,22,0,135.0315631,520735
,178,75339,Tampines St 71,Blk 734,1.358463099,103.9341521,22,0,123.5150626,520735
62723,132,84231,Bedok Nth Rd,Blk 85,1.331738716,103.938555,23,-6,158.5640818,460088
,133,84239,Bedok Nth Rd,Opp Blk 85,1.331518361,103.9383569,23,-6,191.3865432,460088
13039,265,76271,Tampines St 45,Dunman Sec Sch,1.361811672,103.9551834,26,0,121.946544,521491
,266,76279,Tampines St 45,Blk 491C,1.361885607,103.9550458,26,0,104.6416134,521491
,277,76351,Tampines Ave 9,Blk 484,1.362138224,103.9530913,26,0,122.375276,521491
70313,476,81091,Aljunied Rd,Sims Urban Oasis,1.319353333,103.8817311,11,-8,142.7486458,380102
,477,81099,Aljunied Rd,Blk 102,1.319822767,103.8819467,11,-8,86.28137011,380102
43042,87,65011,Punggol Rd,Opp The Rivervale,1.381596968,103.8972095,14,4,70.50978527,548265
,88,65019,Punggol Rd,The Rivervale,1.381514078,103.8974924,14,4,102.6441944,548265
89503,154,75171,Tampines Ave 5,UWCSEA,1.3575,103.9313,21,-1,88.30971538,523871
,155,75179,Tampines Ave 5,Blk 871C,1.357,103.9317,21,-1,47.57685103,523871
80231,296,76461,Tampines St 34,Eden Condo,1.356109722,103.9598183,27,-1,132.850746,520363
,297,76469,Tampines St 34,East Spring Sec Sch,1.356303394,103.9598505,27,-1,141.8097559,520363
518,112,84111,Bedok Sth Rd,Temasek JC,1.319588026,103.935742,22,-8,150.5209578,460018
,113,84119,Bedok Sth Rd,Opp Temasek JC,1.319689028,103.9350681,22,-8,99.01197199,460018
45280,294,76451,Tampines St 33,BLK 324,1.35220341,103.9592861,27,-2,193.5633965,520316
,295,76459,Tampines St 33,Blk 323,1.352080031,103.9587319,27,-2,132.4844604,520316
67265,350,67281,Fernvale Lane,Blk 403A,1.389250235,103.8729858,10,6,103.5743647,793403
,351,67289,Fernvale Lane,Opp Blk 405C,1.389664311,103.8732874,10,6,154.4032627,793403
64451,87,65011,Punggol Rd,Opp The Rivervale,1.381596968,103.8972095,14,4,117.0251787,543264
,88,65019,Punggol Rd,The Rivervale,1.381514078,103.8974924,14,4,147.5131853,543264
45307,265,76271,Tampines St 45,Dunman Sec Sch,1.361811672,103.9551834,26,0,176.508377,520491
,266,76279,Tampines St 45,Blk 491C,1.361885607,103.9550458,26,0,159.1657871,520491
,277,76351,Tampines Ave 9,Blk 484,1.362138224,103.9530913,26,0,90.19159462,520491
52371,288,76421,Tampines St 32,Opp Blk 331,1.353841243,103.9598719,27,-1,65.78582175,520330
,289,76429,Tampines St 32,Blk 331,1.353692221,103.959589,27,-1,37.85026733,520330
,290,76431,Tampines St 33,BLK 333,1.353726389,103.9612131,27,-1,191.1291191,520330
71306,226,76079,Tampines Ave 2,Blk 101,1.347943889,103.945635,24,-3,173.4181705,521113
,274,76339,Tampines St 11,Opp Tampines Changkat Cc,1.345471667,103.9469842,24,-3,143.2540215,521113
63318,49,83111,Jln Eunos,Blk 17,1.32346854,103.9052731,16,-7,97.12088826,400017
78607,87,65011,Punggol Rd,Opp The Rivervale,1.381596968,103.8972095,14,4,109.0594375,542266
,88,65019,Punggol Rd,The Rivervale,1.381514078,103.8974924,14,4,121.9058111,542266
69181,87,65011,Punggol Rd,Opp The Rivervale,1.381596968,103.8972095,14,4,125.7646383,543266
,88,65019,Punggol Rd,The Rivervale,1.381514078,103.8974924,14,4,134.5988734,543266
73874,275,76341,Tampines Ave 9,Blk 464,1.359763051,103.9553501,26,0,120.8866357,521485
,276,76349,Tampines Ave 9,Dunman Sec Sch,1.360385137,103.9555657,26,0,113.7487339,521485
86757,441,21561,Corporation Dr,Blk 158,1.328893152,103.7227432,-20,-6,77.21701428,614138
,442,21569,Corporation Dr,Opp Blk 158,1.328572039,103.7228981,-20,-6,44.99609209,614138
,444,21579,Corporation Dr,Jurong Sec Sch,1.330134723,103.7231809,-20,-6,186.2383779,614138
,473,21761,Yuan Ching Rd,Blk 138B,1.328313333,103.7247681,-20,-6,165.1163858,614138
,474,21769,Yuan Ching Rd,Opp Blk 138B,1.328475541,103.7249038,-20,-6,179.3821494,614138
44995,225,76071,Tampines Ave 2,Blk 141,1.348026389,103.9451781,24,-3,70.81921575,521101
,226,76079,Tampines Ave 2,Blk 101,1.347943889,103.945635,24,-3,71.47201928,521101
52218,274,76339,Tampines St 11,Opp Tampines Changkat Cc,1.345471667,103.9469842,24,-3,60.81836266,521114
960,187,84541,Chai Chee St,Blk 42,1.327618019,103.9251916,20,-7,57.42849743,467010
,188,84549,Chai Chee St,Opp Blk 42,1.327201689,103.9251209,20,-7,36.16513112,467010
56999,305,67051,Yio Chu Kang Rd,Opp Seletar Hills Est,1.387394476,103.8730234,10,5,93.17724554,794403
,306,67059,Yio Chu Kang Rd,Seletar Hills Est,1.38705246,103.8729845,10,5,131.3140998,794403
15299,308,53351,Sin Ming Ave,Ai Tong Sch,1.360809722,103.8321175,1,0,195.7931615,570441
,310,53361,Sin Ming Ave,Blk 454,1.359298333,103.8303208,1,0,160.516183,570441
,311,53369,Sin Ming Ave,Opp Blk 454,1.359473443,103.8301456,1,0,183.3596889,570441
72158,439,21551,Yung Ho Rd,Blk 151,1.326661043,103.7209862,-21,-7,193.5850498,610155
79524,294,76451,Tampines St 33,BLK 324,1.35220341,103.9592861,27,-2,85.4336342,520326
,295,76459,Tampines St 33,Blk 323,1.352080031,103.9587319,27,-2,61.65463029,520326
40012,455,80249,Sims Pl,Blk 49 Mkt/FC,1.316936431,103.8798599,11,-9,101.4120146,380053
21451,87,65011,Punggol Rd,Opp The Rivervale,1.381596968,103.8972095,14,4,95.22363502,544265
,88,65019,Punggol Rd,The Rivervale,1.381514078,103.8974924,14,4,127.6725111,544265
77189,439,21551,Yung Ho Rd,Blk 151,1.326661043,103.7209862,-21,-7,101.8221474,610154
,440,21559,Yung Ho Rd,CISCO Recall,1.326626599,103.7206391,-21,-7,137.9537452,610154
21514,87,65011,Punggol Rd,Opp The Rivervale,1.381596968,103.8972095,14,4,140.6570733,544264
,88,65019,Punggol Rd,The Rivervale,1.381514078,103.8974924,14,4,171.9711124,544264
86556,168,75269,Tampines Ave 6,Opp Blks 710/713,1.359172864,103.9381421,23,0,124.7641088,521524
,299,76511,Tampines Concourse,The Tampines Trilliant,1.359138,103.939389,23,0,102.3437894,521524
,300,76519,Tampines Concourse,BET BLKS 524B/523D,1.359206245,103.9392187,23,0,100.9824712,521524
35225,270,76301,Tampines St 22,Blk 283,1.349070012,103.9535439,26,-2,131.0786101,520288
13334,294,76451,Tampines St 33,BLK 324,1.35220341,103.9592861,27,-2,114.0888085,520327
,295,76459,Tampines St 33,Blk 323,1.352080031,103.9587319,27,-2,63.98137586,520327
71570,171,75281,Tampines Ave 9,Blk 742A,1.360227893,103.9336381,22,0,148.5567256,520737
,172,75289,Tampines Ave 9,Opp Blks 741/742,1.360456672,103.9333167,22,0,184.8198219,520737
,178,75339,Tampines St 71,Blk 734,1.358463099,103.9341521,22,0,55.48119882,520737
12612,275,76341,Tampines Ave 9,Blk 464,1.359763051,103.9553501,26,0,172.6219556,521486
,276,76349,Tampines Ave 9,Dunman Sec Sch,1.360385137,103.9555657,26,0,190.2561185,521486
43152,87,65011,Punggol Rd,Opp The Rivervale,1.381596968,103.8972095,14,4,105.856435,541266
,88,65019,Punggol Rd,The Rivervale,1.381514078,103.8974924,14,4,129.9187475,541266
28619,439,21551,Yung Ho Rd,Blk 151,1.326661043,103.7209862,-21,-7,35.35007471,610151
,440,21559,Yung Ho Rd,CISCO Recall,1.326626599,103.7206391,-21,-7,73.61717909,610151
39979,50,83119,Jln Eunos,Opp Blk 16,1.323069747,103.9056076,16,-8,128.791441,400016
82473,167,75261,Tampines Ave 6,Bet Blks 710/713,1.358019984,103.9379678,23,-1,54.70402186,521522
62821,187,84541,Chai Chee St,Blk 42,1.327618019,103.9251916,20,-7,85.54912396,460011
,188,84549,Chai Chee St,Opp Blk 42,1.327201689,103.9251209,20,-7,41.59844701,460011
89505,187,84541,Chai Chee St,Blk 42,1.327618019,103.9251916,20,-7,149.302754,463808
,188,84549,Chai Chee St,Opp Blk 42,1.327201689,103.9251209,20,-7,158.1678416,463808
32863,87,65011,Punggol Rd,Opp The Rivervale,1.381596968,103.8972095,14,4,179.6598793,542267
,88,65019,Punggol Rd,The Rivervale,1.381514078,103.8974924,14,4,187.2520094,542267
74108,55,71091,Eunos Link,Blk 637,1.330733748,103.9037315,16,-6,43.19273064,410637
,56,71099,Eunos Link,Blk 311,1.330226389,103.9038336,16,-6,93.94218273,410637
13130,169,75271,Tampines Ave 9,Blk 721,1.360248334,103.936015,22,0,104.9378359,520723
,170,75279,Tampines Ave 9,Opp Blk 721,1.36047494,103.936204,22,0,134.3364623,520723
,171,75281,Tampines Ave 9,Blk 742A,1.360227893,103.9336381,22,0,168.8831689,520723
,178,75339,Tampines St 71,Blk 734,1.358463099,103.9341521,22,0,194.7077425,520723
,201,75501,Tampines Nth Dr 1,Blk 604A,1.361552,103.934734,22,0,186.2999001,520723
,202,75509,Tampines Nth Dr 1,Opp Blk 604A,1.361373,103.934576,22,0,172.4781398,520723
25841,310,53361,Sin Ming Ave,Blk 454,1.359298333,103.8303208,1,0,168.4279734,570445
,311,53369,Sin Ming Ave,Opp Blk 454,1.359473443,103.8301456,1,0,194.162099,570445
65993,55,71091,Eunos Link,Blk 637,1.330733748,103.9037315,16,-6,139.0880874,410634
,56,71099,Eunos Link,Blk 311,1.330226389,103.9038336,16,-6,112.9314541,410634
,87,72019,Jln Eunos,Opp Blk 322,1.328846284,103.9054651,16,-6,161.7909928,410634
,88,72021,Bedok Reservoir Rd,Blk 646,1.330965312,103.9063219,16,-6,185.9080345,410634
57284,350,67281,Fernvale Lane,Blk 403A,1.389250235,103.8729858,10,6,50.93124384,792403
,351,67289,Fernvale Lane,Opp Blk 405C,1.389664311,103.8732874,10,6,102.728603,792403
1287,310,53361,Sin Ming Ave,Blk 454,1.359298333,103.8303208,1,0,158.1412317,570448
,311,53369,Sin Ming Ave,Opp Blk 454,1.359473443,103.8301456,1,0,185.5019961,570448
60162,452,80229,Sims Dr,Blk 45,1.317289721,103.8781055,11,-9,141.4704819,380051
,455,80249,Sims Pl,Blk 49 Mkt/FC,1.316936431,103.8798599,11,-9,128.4096024,380051
,458,80269,Lor 17 Geylang,Bef Sims Ave,1.31501453,103.878361,11,-9,153.894548,380051
,461,80289,Sims Pl,Sims Pl Ter,1.316075,103.8793281,11,-9,53.385974,380051
62032,225,76071,Tampines Ave 2,Blk 141,1.348026389,103.9451781,24,-3,37.76722633,521141
,226,76079,Tampines Ave 2,Blk 101,1.347943889,103.945635,24,-3,86.21553611,521141
32079,350,67281,Fernvale Lane,Blk 403A,1.389250235,103.8729858,10,6,122.7696191,792404
,351,67289,Fernvale Lane,Opp Blk 405C,1.389664311,103.8732874,10,6,154.512303,792404
74816,308,53351,Sin Ming Ave,Ai Tong Sch,1.360809722,103.8321175,1,0,176.9229086,570442
69578,171,75281,Tampines Ave 9,Blk 742A,1.360227893,103.9336381,22,0,155.5101866,520736
,172,75289,Tampines Ave 9,Opp Blks 741/742,1.360456672,103.9333167,22,0,196.6982524,520736
,178,75339,Tampines St 71,Blk 734,1.358463099,103.9341521,22,0,69.1548192,520736
23500,277,76351,Tampines Ave 9,Blk 484,1.362138224,103.9530913,26,0,105.6734311,520494
59097,132,84231,Bedok Nth Rd,Blk 85,1.331738716,103.938555,23,-6,101.2509814,460086
,133,84239,Bedok Nth Rd,Opp Blk 85,1.331518361,103.9383569,23,-6,133.450452,460086
81080,258,76239,Tampines Ave 7,Blk 390,1.356492729,103.9575483,27,-1,134.081214,520371
,296,76461,Tampines St 34,Eden Condo,1.356109722,103.9598183,27,-1,173.836257,520371
,297,76469,Tampines St 34,East Spring Sec Sch,1.356303394,103.9598505,27,-1,164.2507599,520371
89185,497,81201,Geylang East Ctrl,Opp Geylang Meth Sec Sch,1.318693022,103.8830068,12,-8,155.326615,380104
88297,275,76341,Tampines Ave 9,Blk 464,1.359763051,103.9553501,26,0,47.37991743,520485
,276,76349,Tampines Ave 9,Dunman Sec Sch,1.360385137,103.9555657,26,0,58.57753339,520485
60271,439,21551,Yung Ho Rd,Blk 151,1.326661043,103.7209862,-21,-7,76.8401754,610152
,440,21559,Yung Ho Rd,CISCO Recall,1.326626599,103.7206391,-21,-7,63.26693254,610152
23636,273,76329,Tampines St 11,Blk 125,1.346445017,103.9498962,25,-3,199.3973766,520279
69752,288,76421,Tampines St 32,Opp Blk 331,1.353841243,103.9598719,27,-1,137.8881496,520329
,289,76429,Tampines St 32,Blk 331,1.353692221,103.959589,27,-1,102.5571924,520329
33419,87,65011,Punggol Rd,Opp The Rivervale,1.381596968,103.8972095,14,4,148.2406523,543265
,88,65019,Punggol Rd,The Rivervale,1.381514078,103.8974924,14,4,180.845394,543265
82552,265,76271,Tampines St 45,Dunman Sec Sch,1.361811672,103.9551834,26,0,163.9732503,520468
,266,76279,Tampines St 45,Blk 491C,1.361885607,103.9550458,26,0,172.8129916,520468
,275,76341,Tampines Ave 9,Blk 464,1.359763051,103.9553501,26,0,66.20577338,520468
,276,76349,Tampines Ave 9,Dunman Sec Sch,1.360385137,103.9555657,26,0,43.2899858,520468
69743,265,76271,Tampines St 45,Dunman Sec Sch,1.361811672,103.9551834,26,0,174.5750477,520480
,266,76279,Tampines St 45,Blk 491C,1.361885607,103.9550458,26,0,159.0363689,520480
,277,76351,Tampines Ave 9,Blk 484,1.362138224,103.9530913,26,0,63.72971069,520480
10562,87,65011,Punggol Rd,Opp The Rivervale,1.381596968,103.8972095,14,4,189.3385774,548264
,429,67711,Buangkok Dr,Bef Sengkang Fire Stn,1.380132945,103.8947799,14,4,187.5556531,548264
64725,350,67281,Fernvale Lane,Blk 403A,1.389250235,103.8729858,10,6,43.24485777,791403
,351,67289,Fernvale Lane,Opp Blk 405C,1.389664311,103.8732874,10,6,81.90902958,791403
69520,265,76271,Tampines St 45,Dunman Sec Sch,1.361811672,103.9551834,26,0,125.964136,520470
,266,76279,Tampines St 45,Blk 491C,1.361885607,103.9550458,26,0,127.0469176,520470
,275,76341,Tampines Ave 9,Blk 464,1.359763051,103.9553501,26,0,140.8847307,520470
,276,76349,Tampines Ave 9,Dunman Sec Sch,1.360385137,103.9555657,26,0,113.2728166,520470
9232,350,67281,Fernvale Lane,Blk 403A,1.389250235,103.8729858,10,6,135.9909632,791404
,351,67289,Fernvale Lane,Opp Blk 405C,1.389664311,103.8732874,10,6,157.3844453,791404
25680,55,71091,Eunos Link,Blk 637,1.330733748,103.9037315,16,-6,80.90583897,410636
,56,71099,Eunos Link,Blk 311,1.330226389,103.9038336,16,-6,110.3774556,410636
65231,273,76329,Tampines St 11,Blk 125,1.346445017,103.9498962,25,-3,140.0315745,521127
53227,132,84231,Bedok Nth Rd,Blk 85,1.331738716,103.938555,23,-6,140.2039555,460089
,133,84239,Bedok Nth Rd,Opp Blk 85,1.331518361,103.9383569,23,-6,160.3826784,460089
66647,439,21551,Yung Ho Rd,Blk 151,1.326661043,103.7209862,-21,-7,162.9645675,610156
,440,21559,Yung Ho Rd,CISCO Recall,1.326626599,103.7206391,-21,-7,189.5664498,610156
83857,167,75261,Tampines Ave 6,Bet Blks 710/713,1.358019984,103.9379678,23,-1,125.9061669,522522
,301,76521,Tampines Concourse,OPP BLK 519A,1.357468889,103.940775,23,-1,191.6801587,522522
,302,76529,Tampines Concourse,BLK 519A,1.35741,103.940604,23,-1,174.7446179,522522
88307,55,71091,Eunos Link,Blk 637,1.330733748,103.9037315,16,-6,127.2666127,410635
,56,71099,Eunos Link,Blk 311,1.330226389,103.9038336,16,-6,126.4533368,410635
,88,72021,Bedok Reservoir Rd,Blk 646,1.330965312,103.9063219,16,-6,163.3973934,410635
,89,72029,Bedok Reservoir Rd,Opp Blk 646,1.330863987,103.9065521,16,-6,187.0070521,410635
42425,305,67051,Yio Chu Kang Rd,Opp Seletar Hills Est,1.387394476,103.8730234,10,5,157.250119,791406
,306,67059,Yio Chu Kang Rd,Seletar Hills Est,1.38705246,103.8729845,10,5,180.7506489,791406
76974,294,76451,Tampines St 33,BLK 324,1.35220341,103.9592861,27,-2,153.9542632,520328
,295,76459,Tampines St 33,Blk 323,1.352080031,103.9587319,27,-2,130.6803476,520328
76132,132,84231,Bedok Nth Rd,Blk 85,1.331738716,103.938555,23,-6,84.86766729,460087
,133,84239,Bedok Nth Rd,Opp Blk 85,1.331518361,103.9383569,23,-6,112.2007744,460087
81759,55,71091,Eunos Link,Blk 637,1.330733748,103.9037315,16,-6,169.6910345,410633
,56,71099,Eunos Link,Blk 311,1.330226389,103.9038336,16,-6,155.0425247,410633
,87,72019,Jln Eunos,Opp Blk 322,1.328846284,103.9054651,16,-6,173.3663349,410633
,88,72021,Bedok Reservoir Rd,Blk 646,1.330965312,103.9063219,16,-6,137.9410459,410633
,89,72029,Bedok Reservoir Rd,Opp Blk 646,1.330863987,103.9065521,16,-6,156.887581,410633
33563,87,65011,Punggol Rd,Opp The Rivervale,1.381596968,103.8972095,14,4,173.5488361,542265
12080,270,76301,Tampines St 22,Blk 283,1.349070012,103.9535439,26,-2,79.24288963,520287
72866,275,76341,Tampines Ave 9,Blk 464,1.359763051,103.9553501,26,0,147.2908611,522499
,276,76349,Tampines Ave 9,Dunman Sec Sch,1.360385137,103.9555657,26,0,188.4317087,522499
46437,136,84251,Bedok Nth Ave 4,Blk 99,1.333468321,103.938838,23,-5,143.8100185,460103
,137,84259,Bedok Nth Ave 4,Blk 88,1.333288076,103.9391068,23,-5,174.9712825,460103
82566,167,75261,Tampines Ave 6,Bet Blks 710/713,1.358019984,103.9379678,23,-1,160.7715836,523522
,301,76521,Tampines Concourse,OPP BLK 519A,1.357468889,103.940775,23,-1,162.1445107,523522
,302,76529,Tampines Concourse,BLK 519A,1.35741,103.940604,23,-1,147.4633607,523522
65830,132,84231,Bedok Nth Rd,Blk 85,1.331738716,103.938555,23,-6,72.69353333,460084
,133,84239,Bedok Nth Rd,Opp Blk 85,1.331518361,103.9383569,23,-6,98.95959711,460084
52302,144,75121,Tampines Ave 5,Opp Darul Ghufran Mque,1.355933921,103.9390326,23,-1,135.3212441,521515
,145,75129,Tampines Ave 5,Darul Ghufran Mque,1.35563642,103.9393652,23,-1,183.4491029,521515
,167,75261,Tampines Ave 6,Bet Blks 710/713,1.358019984,103.9379678,23,-1,125.7871485,521515
63490,497,81201,Geylang East Ctrl,Opp Geylang Meth Sec Sch,1.318693022,103.8830068,12,-8,90.63546084,380105
43128,429,67711,Buangkok Dr,Bef Sengkang Fire Stn,1.380132945,103.8947799,14,4,182.3083311,540264
12635,225,76071,Tampines Ave 2,Blk 141,1.348026389,103.9451781,24,-3,186.2673577,520104
,226,76079,Tampines Ave 2,Blk 101,1.347943889,103.945635,24,-3,138.5709615,520104
,274,76339,Tampines St 11,Opp Tampines Changkat Cc,1.345471667,103.9469842,24,-3,196.2007186,520104
62150,288,76421,Tampines St 32,Opp Blk 331,1.353841243,103.9598719,27,-1,102.43641,520381
,289,76429,Tampines St 32,Blk 331,1.353692221,103.959589,27,-1,78.04137479,520381
75992,169,75271,Tampines Ave 9,Blk 721,1.360248334,103.936015,22,0,43.10648286,520722
,170,75279,Tampines Ave 9,Opp Blk 721,1.36047494,103.936204,22,0,75.12038992,520722
60650,100,65081,Punggol Rd,Opp Blk 199C,1.400921588,103.9053104,16,8,99.94220395,821195
,101,65089,Punggol Rd,Opp Blk 296,1.401339484,103.9058051,16,8,31.09431405,821195
53249,96,84021,New Upp Changi Rd,Blk 32,1.323383204,103.9250872,20,-7,194.4088513,461035
44409,225,76071,Tampines Ave 2,Blk 141,1.348026389,103.9451781,24,-3,122.3580584,520103
,226,76079,Tampines Ave 2,Blk 101,1.347943889,103.945635,24,-3,71.51066379,520103
51770,258,76239,Tampines Ave 7,Blk 390,1.356492729,103.9575483,27,-1,118.0181088,520374
,296,76461,Tampines St 34,Eden Condo,1.356109722,103.9598183,27,-1,138.6767402,520374
,297,76469,Tampines St 34,East Spring Sec Sch,1.356303394,103.9598505,27,-1,138.4255149,520374
78742,278,76359,Tampines Ave 9,Blk 493B,1.362091681,103.9521788,25,0,60.70422965,520493
44897,148,75141,Tampines Ave 5,Blk 730,1.35625,103.9337789,22,-1,175.0971642,520733
4204,439,21551,Yung Ho Rd,Blk 151,1.326661043,103.7209862,-21,-7,91.48899976,610153
,440,21559,Yung Ho Rd,CISCO Recall,1.326626599,103.7206391,-21,-7,105.1658379,610153
23518,265,76271,Tampines St 45,Dunman Sec Sch,1.361811672,103.9551834,26,0,184.2248086,520479
,266,76279,Tampines St 45,Blk 491C,1.361885607,103.9550458,26,0,171.6022495,520479
,277,76351,Tampines Ave 9,Blk 484,1.362138224,103.9530913,26,0,94.39621216,520479
54400,455,80249,Sims Pl,Blk 49 Mkt/FC,1.316936431,103.8798599,11,-9,52.12150778,380052
,461,80289,Sims Pl,Sims Pl Ter,1.316075,103.8793281,11,-9,143.9127885,380052
,474,81081,Aljunied Rd,Opp Aljunied Stn,1.316216659,103.8816816,11,-9,168.3040618,380052
76144,55,71091,Eunos Link,Blk 637,1.330733748,103.9037315,16,-6,111.0484588,410638
,56,71099,Eunos Link,Blk 311,1.330226389,103.9038336,16,-6,150.8608938,410638
71331,265,76271,Tampines St 45,Dunman Sec Sch,1.361811672,103.9551834,26,0,176.2104012,520469
,266,76279,Tampines St 45,Blk 491C,1.361885607,103.9550458,26,0,179.7847256,520469
,275,76341,Tampines Ave 9,Blk 464,1.359763051,103.9553501,26,0,97.49009879,520469
,276,76349,Tampines Ave 9,Dunman Sec Sch,1.360385137,103.9555657,26,0,100.4094402,520469
43492,350,67281,Fernvale Lane,Blk 403A,1.389250235,103.8729858,10,6,50.50124484,793405
,351,67289,Fernvale Lane,Opp Blk 405C,1.389664311,103.8732874,10,6,54.72542573,793405
73785,275,76341,Tampines Ave 9,Blk 464,1.359763051,103.9553501,26,0,19.92384818,520464
,276,76349,Tampines Ave 9,Dunman Sec Sch,1.360385137,103.9555657,26,0,79.53046211,520464
,281,76371,Tampines St 42,Blk 459,1.358528395,103.9542753,26,0,171.4878602,520464
22173,350,67281,Fernvale Lane,Blk 403A,1.389250235,103.8729858,10,6,80.97564059,792405
,351,67289,Fernvale Lane,Opp Blk 405C,1.389664311,103.8732874,10,6,85.33905564,792405
33695,350,67281,Fernvale Lane,Blk 403A,1.389250235,103.8729858,10,6,107.9049065,791405
,351,67289,Fernvale Lane,Opp Blk 405C,1.389664311,103.8732874,10,6,112.9089933,791405
35941,144,75121,Tampines Ave 5,Opp Darul Ghufran Mque,1.355933921,103.9390326,23,-1,121.6990794,522515
,145,75129,Tampines Ave 5,Darul Ghufran Mque,1.35563642,103.9393652,23,-1,166.8383828,522515
,167,75261,Tampines Ave 6,Bet Blks 710/713,1.358019984,103.9379678,23,-1,140.2702368,522515
34990,270,76301,Tampines St 22,Blk 283,1.349070012,103.9535439,26,-2,147.4993261,520290
89155,187,84541,Chai Chee St,Blk 42,1.327618019,103.9251916,20,-7,170.6467634,461808
,188,84549,Chai Chee St,Opp Blk 42,1.327201689,103.9251209,20,-7,145.9748531,461808
36023,278,76359,Tampines Ave 9,Blk 493B,1.362091681,103.9521788,25,0,141.3951263,522495
64403,350,67281,Fernvale Lane,Blk 403A,1.389250235,103.8729858,10,6,174.1910072,792406
,351,67289,Fernvale Lane,Opp Blk 405C,1.389664311,103.8732874,10,6,178.9496214,792406
45676,237,76131,Tampines Ave 4,UOB Tampines Ctr,1.35184112,103.9425413,24,-2,52.93381225,521149
,238,76139,Tampines Ave 4,Opp Century Sq,1.351626918,103.9438501,24,-2,127.1061752,521149
82609,288,76421,Tampines St 32,Opp Blk 331,1.353841243,103.9598719,27,-1,127.5341907,520382
,289,76429,Tampines St 32,Blk 331,1.353692221,103.959589,27,-1,103.2530372,520382
65222,258,76239,Tampines Ave 7,Blk 390,1.356492729,103.9575483,27,-1,146.4350539,520373
,296,76461,Tampines St 34,Eden Condo,1.356109722,103.9598183,27,-1,115.6006161,520373
,297,76469,Tampines St 34,East Spring Sec Sch,1.356303394,103.9598505,27,-1,122.8000777,520373
83915,232,76109,Tampines Ave 2,Blk 302,1.3529664,103.9551185,26,-2,197.979196,520318
28140,369,21181,Corporation Rd,Opp Blk 161,1.329915,103.720953,-21,-6,181.3862779,610158
,370,21189,Corporation Rd,Blk 161,1.330260466,103.7212229,-21,-6,185.9238922,610158
36035,273,76329,Tampines St 11,Blk 125,1.346445017,103.9498962,25,-3,140.4063956,521124
44629,237,76131,Tampines Ave 4,UOB Tampines Ctr,1.35184112,103.9425413,24,-2,127.4172262,521150
,238,76139,Tampines Ave 4,Opp Century Sq,1.351626918,103.9438501,24,-2,99.99894078,521150
48114,47,83101,Jln Eunos,Eunos Stn,1.320667091,103.9048984,16,-8,136.3445264,400011
,48,83109,Jln Eunos,Opp Eunos Stn,1.321356789,103.9053722,16,-8,116.1556498,400011
,50,83119,Jln Eunos,Opp Blk 16,1.323069747,103.9056076,16,-8,192.6271593,400011
48117,47,83101,Jln Eunos,Eunos Stn,1.320667091,103.9048984,16,-8,136.3445264,400011
,48,83109,Jln Eunos,Opp Eunos Stn,1.321356789,103.9053722,16,-8,116.1556498,400011
,50,83119,Jln Eunos,Opp Blk 16,1.323069747,103.9056076,16,-8,192.6271593,400011
75901,275,76341,Tampines Ave 9,Blk 464,1.359763051,103.9553501,26,0,98.56647965,521499
,276,76349,Tampines Ave 9,Dunman Sec Sch,1.360385137,103.9555657,26,0,157.5318662,521499
,281,76371,Tampines St 42,Blk 459,1.358528395,103.9542753,26,0,173.3591144,521499
53273,112,84111,Bedok Sth Rd,Temasek JC,1.319588026,103.935742,22,-8,156.5791868,460015
,113,84119,Bedok Sth Rd,Opp Temasek JC,1.319689028,103.9350681,22,-8,174.1630018,460015
59229,96,84021,New Upp Changi Rd,Blk 32,1.323383204,103.9250872,20,-7,170.3797506,461034
45173,273,76329,Tampines St 11,Blk 125,1.346445017,103.9498962,25,-3,87.05304472,521126
45149,278,76359,Tampines Ave 9,Blk 493B,1.362091681,103.9521788,25,0,65.68603262,524493
29195,100,65081,Punggol Rd,Opp Blk 199C,1.400921588,103.9053104,16,8,139.7121538,822195
,101,65089,Punggol Rd,Opp Blk 296,1.401339484,103.9058051,16,8,75.63106767,822195
76090,265,76271,Tampines St 45,Dunman Sec Sch,1.361811672,103.9551834,26,0,197.3416582,520476
,266,76279,Tampines St 45,Blk 491C,1.361885607,103.9550458,26,0,187.0071887,520476
,277,76351,Tampines Ave 9,Blk 484,1.362138224,103.9530913,26,0,124.5729195,520476
57942,169,75271,Tampines Ave 9,Blk 721,1.360248334,103.936015,22,0,182.5982805,520717
,178,75339,Tampines St 71,Blk 734,1.358463099,103.9341521,22,0,123.9369687,520717
12140,275,76341,Tampines Ave 9,Blk 464,1.359763051,103.9553501,26,0,79.29328281,520467
,276,76349,Tampines Ave 9,Dunman Sec Sch,1.360385137,103.9555657,26,0,110.0629536,520467
,281,76371,Tampines St 42,Blk 459,1.358528395,103.9542753,26,0,165.6286527,520467
51490,274,76339,Tampines St 11,Opp Tampines Changkat Cc,1.345471667,103.9469842,24,-3,167.2124459,521111
12717,169,75271,Tampines Ave 9,Blk 721,1.360248334,103.936015,22,0,52.21181521,520721
,170,75279,Tampines Ave 9,Opp Blk 721,1.36047494,103.936204,22,0,63.72648315,520721
44919,169,75271,Tampines Ave 9,Blk 721,1.360248334,103.936015,22,0,139.0858564,520718
,170,75279,Tampines Ave 9,Opp Blk 721,1.36047494,103.936204,22,0,170.5721629,520718
,178,75339,Tampines St 71,Blk 734,1.358463099,103.9341521,22,0,169.3506603,520718
17086,497,81201,Geylang East Ctrl,Opp Geylang Meth Sec Sch,1.318693022,103.8830068,12,-8,41.8583507,380106
,498,81209,Geylang East Ctrl,Geylang Meth Pr Sch,1.318436125,103.8842972,12,-8,169.5250077,380106
71811,55,71091,Eunos Link,Blk 637,1.330733748,103.9037315,16,-6,143.1558267,410639
,56,71099,Eunos Link,Blk 311,1.330226389,103.9038336,16,-6,182.1148841,410639
13180,144,75121,Tampines Ave 5,Opp Darul Ghufran Mque,1.355933921,103.9390326,23,-1,86.8231297,521518
,145,75129,Tampines Ave 5,Darul Ghufran Mque,1.35563642,103.9393652,23,-1,136.0722137,521518
,167,75261,Tampines Ave 6,Bet Blks 710/713,1.358019984,103.9379678,23,-1,188.6918706,521518
45437,144,75121,Tampines Ave 5,Opp Darul Ghufran Mque,1.355933921,103.9390326,23,-1,114.8746394,523515
,145,75129,Tampines Ave 5,Darul Ghufran Mque,1.35563642,103.9393652,23,-1,153.6459485,523515
,167,75261,Tampines Ave 6,Bet Blks 710/713,1.358019984,103.9379678,23,-1,162.5633981,523515
,302,76529,Tampines Concourse,BLK 519A,1.35741,103.940604,23,-1,186.1309921,523515
55008,369,21181,Corporation Rd,Opp Blk 161,1.329915,103.720953,-21,-6,173.6814519,610159
,370,21189,Corporation Rd,Blk 161,1.330260466,103.7212229,-21,-6,168.3984676,610159
78847,88,72021,Bedok Reservoir Rd,Blk 646,1.330965312,103.9063219,16,-6,83.30651724,410644
,89,72029,Bedok Reservoir Rd,Opp Blk 646,1.330863987,103.9065521,16,-6,104.96596,410644
71479,258,76239,Tampines Ave 7,Blk 390,1.356492729,103.9575483,27,-1,61.01313596,520372
,296,76461,Tampines St 34,Eden Condo,1.356109722,103.9598183,27,-1,194.7508453,520372
,297,76469,Tampines St 34,East Spring Sec Sch,1.356303394,103.9598505,27,-1,195.3997595,520372
76023,277,76351,Tampines Ave 9,Blk 484,1.362138224,103.9530913,26,0,56.81616264,520484
65098,273,76329,Tampines St 11,Blk 125,1.346445017,103.9498962,25,-3,142.7227001,520278
68503,369,21181,Corporation Rd,Opp Blk 161,1.329915,103.720953,-21,-6,163.6747881,610157
,370,21189,Corporation Rd,Blk 161,1.330260466,103.7212229,-21,-6,188.5935074,610157
27742,499,81211,Geylang East Ctrl,Geylang Polyclinic,1.319046664,103.8866675,12,-8,73.04651515,380124
,0,81219,Geylang East Ctrl,Opp Geylang Polyclinic,1.318771413,103.886687,12,-8,42.50646961,380124
77808,288,76421,Tampines St 32,Opp Blk 331,1.353841243,103.9598719,27,-1,136.4845783,520386
,289,76429,Tampines St 32,Blk 331,1.353692221,103.959589,27,-1,136.1740466,520386
,296,76461,Tampines St 34,Eden Condo,1.356109722,103.9598183,27,-1,159.1778417,520386
,297,76469,Tampines St 34,East Spring Sec Sch,1.356303394,103.9598505,27,-1,180.0085619,520386
71488,232,76109,Tampines Ave 2,Blk 302,1.3529664,103.9551185,26,-2,173.2521849,520304
30927,100,65081,Punggol Rd,Opp Blk 199C,1.400921588,103.9053104,16,8,83.06985662,823199
,101,65089,Punggol Rd,Opp Blk 296,1.401339484,103.9058051,16,8,80.0444768,823199
46466,100,84041,New Upp Changi Rd,Blk 221A,1.324690517,103.934688,22,-7,170.0022897,461024
,101,84049,New Upp Changi Rd,Blk 27,1.324327198,103.9347122,22,-7,154.6088895,461024
44811,270,76301,Tampines St 22,Blk 283,1.349070012,103.9535439,26,-2,90.89840969,520283
78718,169,75271,Tampines Ave 9,Blk 721,1.360248334,103.936015,22,0,95.59356045,520720
,170,75279,Tampines Ave 9,Opp Blk 721,1.36047494,103.936204,22,0,121.4489439,520720
58379,278,76359,Tampines Ave 9,Blk 493B,1.362091681,103.9521788,25,0,23.3971269,521493
89552,288,76421,Tampines St 32,Opp Blk 331,1.353841243,103.9598719,27,-1,180.4291332,520383
,289,76429,Tampines St 32,Blk 331,1.353692221,103.959589,27,-1,153.5188528,520383
35717,278,76359,Tampines Ave 9,Blk 493B,1.362091681,103.9521788,25,0,57.71828847,523493
5723,101,65089,Punggol Rd,Opp Blk 296,1.401339484,103.9058051,16,8,158.0009107,825195
12870,148,75141,Tampines Ave 5,Blk 730,1.35625,103.9337789,22,-1,157.2141481,520732
,149,75149,Tampines Ave 5,Blk 867A,1.355971944,103.9336639,22,-1,190.6138791,520732
52354,286,76411,Tampines St 32,Ngee Ann Sec Sch,1.353850014,103.9574275,26,-1,60.58103297,520311
,287,76419,Tampines St 32,Blk 307A,1.353662435,103.9564853,26,-1,112.6631647,520311
13222,144,75121,Tampines Ave 5,Opp Darul Ghufran Mque,1.355933921,103.9390326,23,-1,62.98566686,522518
,145,75129,Tampines Ave 5,Darul Ghufran Mque,1.35563642,103.9393652,23,-1,112.2280821,522518
,167,75261,Tampines Ave 6,Bet Blks 710/713,1.358019984,103.9379678,23,-1,199.0381832,522518
58456,144,75121,Tampines Ave 5,Opp Darul Ghufran Mque,1.355933921,103.9390326,23,-1,117.13742,524515
,145,75129,Tampines Ave 5,Darul Ghufran Mque,1.35563642,103.9393652,23,-1,147.5621269,524515
,167,75261,Tampines Ave 6,Bet Blks 710/713,1.358019984,103.9379678,23,-1,186.1458104,524515
,301,76521,Tampines Concourse,OPP BLK 519A,1.357468889,103.940775,23,-1,176.3478267,524515
,302,76529,Tampines Concourse,BLK 519A,1.35741,103.940604,23,-1,156.2733833,524515
58185,148,75141,Tampines Ave 5,Blk 730,1.35625,103.9337789,22,-1,59.38460261,520730
,149,75149,Tampines Ave 5,Blk 867A,1.355971944,103.9336639,22,-1,83.51268739,520730
21532,429,67711,Buangkok Dr,Bef Sengkang Fire Stn,1.380132945,103.8947799,14,4,194.9471283,541277
78699,275,76341,Tampines Ave 9,Blk 464,1.359763051,103.9553501,26,0,78.59481953,520465
,276,76349,Tampines Ave 9,Dunman Sec Sch,1.360385137,103.9555657,26,0,133.6371446,520465
,281,76371,Tampines St 42,Blk 459,1.358528395,103.9542753,26,0,125.1974957,520465
11268,351,67289,Fernvale Lane,Opp Blk 405C,1.389664311,103.8732874,10,6,191.4093335,793406
58442,289,76429,Tampines St 32,Blk 331,1.353692221,103.959589,27,-1,174.347416,520384
22013,348,67271,Sengkang East Rd,Blk 201 CP,1.388251387,103.8920896,13,5,138.8159087,541200
,349,67279,Sengkang East Rd,Blk 301D,1.388093054,103.8916788,13,5,124.6587413,541200
,386,67461,Sengkang East Rd,Aft Sengkang East Ave,1.385752735,103.8912153,13,5,162.1903911,541200
88921,100,84041,New Upp Changi Rd,Blk 221A,1.324690517,103.934688,22,-7,159.2911995,462026
,101,84049,New Upp Changi Rd,Blk 27,1.324327198,103.9347122,22,-7,123.2410226,462026
11958,275,76341,Tampines Ave 9,Blk 464,1.359763051,103.9553501,26,0,87.3598303,520462
,276,76349,Tampines Ave 9,Dunman Sec Sch,1.360385137,103.9555657,26,0,160.4291999,520462
,281,76371,Tampines St 42,Blk 459,1.358528395,103.9542753,26,0,107.2456665,520462
38090,134,84241,Bedok Nth Rd,Blk 81,1.328613929,103.9400487,23,-6,109.8717816,460082
,135,84249,Bedok Nth Rd,Blk 124,1.329416689,103.9396062,23,-6,89.83670298,460082
46716,88,72021,Bedok Reservoir Rd,Blk 646,1.330965312,103.9063219,16,-6,51.9274349,410643
,89,72029,Bedok Reservoir Rd,Opp Blk 646,1.330863987,103.9065521,16,-6,77.29124248,410643
11847,229,76091,Tampines Ave 2,Blk 206,1.350716364,103.9527517,26,-2,153.5443863,521299
,270,76301,Tampines St 22,Blk 283,1.349070012,103.9535439,26,-2,112.6668113,521299
67683,258,76239,Tampines Ave 7,Blk 390,1.356492729,103.9575483,27,-1,188.7972979,520387
,296,76461,Tampines St 34,Eden Condo,1.356109722,103.9598183,27,-1,146.4009062,520387
,297,76469,Tampines St 34,East Spring Sec Sch,1.356303394,103.9598505,27,-1,162.967031,520387
69737,278,76359,Tampines Ave 9,Blk 493B,1.362091681,103.9521788,25,0,118.6582493,521495
89547,148,75141,Tampines Ave 5,Blk 730,1.35625,103.9337789,22,-1,102.7496634,522868
,149,75149,Tampines Ave 5,Blk 867A,1.355971944,103.9336639,22,-1,83.58259951,522868
61735,273,76329,Tampines St 11,Blk 125,1.346445017,103.9498962,25,-3,171.1379077,520277
5887,101,65089,Punggol Rd,Opp Blk 296,1.401339484,103.9058051,16,8,143.3229552,824195
63942,100,65081,Punggol Rd,Opp Blk 199C,1.400921588,103.9053104,16,8,169.8677461,823195
,101,65089,Punggol Rd,Opp Blk 296,1.401339484,103.9058051,16,8,117.159521,823195
73895,231,76101,Tampines Ave 2,Tampines East CC,1.353033156,103.9548021,26,-2,165.6789772,520303
,232,76109,Tampines Ave 2,Blk 302,1.3529664,103.9551185,26,-2,136.6668548,520303
30589,100,65081,Punggol Rd,Opp Blk 199C,1.400921588,103.9053104,16,8,112.2596177,824199
,101,65089,Punggol Rd,Opp Blk 296,1.401339484,103.9058051,16,8,107.8337964,824199
,107,65151,Punggol Field,Cove Stn Exit B,1.398856503,103.9066211,16,8,183.3113901,824199
45597,232,76109,Tampines Ave 2,Blk 302,1.3529664,103.9551185,26,-2,179.7724412,520308
25649,96,84021,New Upp Changi Rd,Blk 32,1.323383204,103.9250872,20,-7,109.3623854,461033
7375,99,65079,Punggol Rd,Blk 102C,1.398951,103.904753,16,8,158.3345446,822199
,100,65081,Punggol Rd,Opp Blk 199C,1.400921588,103.9053104,16,8,116.4112192,822199
,101,65089,Punggol Rd,Opp Blk 296,1.401339484,103.9058051,16,8,152.1326816,822199
,107,65151,Punggol Field,Cove Stn Exit B,1.398856503,103.9066211,16,8,156.8392609,822199
,108,65159,Punggol Field,Cove Stn Exit A,1.398568723,103.9066529,16,8,184.9619237,822199
88305,88,72021,Bedok Reservoir Rd,Blk 646,1.330965312,103.9063219,16,-6,87.88433109,410642
,89,72029,Bedok Reservoir Rd,Opp Blk 646,1.330863987,103.9065521,16,-6,115.8011362,410642
54990,404,21371,Jln Boon Lay,Blk 680C,1.345227226,103.7061787,-24,-3,72.59711551,643680
,405,21379,Jln Boon Lay,Blk 263,1.345348552,103.7064891,-24,-3,108.0430481,643680
12379,169,75271,Tampines Ave 9,Blk 721,1.360248334,103.936015,22,0,127.0868231,520714
,170,75279,Tampines Ave 9,Opp Blk 721,1.36047494,103.936204,22,0,114.3078405,520714
12804,148,75141,Tampines Ave 5,Blk 730,1.35625,103.9337789,22,-1,91.21324318,520731
,149,75149,Tampines Ave 5,Blk 867A,1.355971944,103.9336639,22,-1,124.6121164,520731
23882,273,76329,Tampines St 11,Blk 125,1.346445017,103.9498962,25,-3,29.28061106,521125
85601,128,75019,Tampines Concourse,Tampines Concourse Int,1.357371331,103.9416488,23,-1,177.4134996,522519
,301,76521,Tampines Concourse,OPP BLK 519A,1.357468889,103.940775,23,-1,80.38150629,522519
,302,76529,Tampines Concourse,BLK 519A,1.35741,103.940604,23,-1,61.36149894,522519
65320,144,75121,Tampines Ave 5,Opp Darul Ghufran Mque,1.355933921,103.9390326,23,-1,48.62047495,523518
,145,75129,Tampines Ave 5,Darul Ghufran Mque,1.35563642,103.9393652,23,-1,91.52951627,523518
83843,148,75141,Tampines Ave 5,Blk 730,1.35625,103.9337789,22,-1,163.4872536,521868
,149,75149,Tampines Ave 5,Blk 867A,1.355971944,103.9336639,22,-1,137.2651822,521868
23171,169,75271,Tampines Ave 9,Blk 721,1.360248334,103.936015,22,0,159.788264,520719
,170,75279,Tampines Ave 9,Opp Blk 721,1.36047494,103.936204,22,0,187.3436268,520719
,178,75339,Tampines St 71,Blk 734,1.358463099,103.9341521,22,0,199.2874045,520719
40316,498,81209,Geylang East Ctrl,Geylang Meth Pr Sch,1.318436125,103.8842972,12,-8,171.735325,380110
25145,104,84061,New Upp Changi Rd,The Tanamera Condo,1.325847905,103.9422313,23,-7,184.6930783,460074
48699,404,21371,Jln Boon Lay,Blk 680C,1.345227226,103.7061787,-24,-3,134.3003522,641677
,405,21379,Jln Boon Lay,Blk 263,1.345348552,103.7064891,-24,-3,164.0870995,641677
,35,22411,Jurong West Ave 4,Blk 676B,1.34626796,103.703801,-24,-3,154.4668809,641677
60432,369,21181,Corporation Rd,Opp Blk 161,1.329915,103.720953,-21,-6,129.7934953,610162
,370,21189,Corporation Rd,Blk 161,1.330260466,103.7212229,-21,-6,117.9468558,610162
57703,275,76341,Tampines Ave 9,Blk 464,1.359763051,103.9553501,26,0,97.5449738,520463
,276,76349,Tampines Ave 9,Dunman Sec Sch,1.360385137,103.9555657,26,0,163.0285632,520463
,281,76371,Tampines St 42,Blk 459,1.358528395,103.9542753,26,0,89.2107881,520463
78845,88,72021,Bedok Reservoir Rd,Blk 646,1.330965312,103.9063219,16,-6,148.7990478,410641
,89,72029,Bedok Reservoir Rd,Opp Blk 646,1.330863987,103.9065521,16,-6,176.1848477,410641
48910,369,21181,Corporation Rd,Opp Blk 161,1.329915,103.720953,-21,-6,106.2933487,610160
,370,21189,Corporation Rd,Blk 161,1.330260466,103.7212229,-21,-6,129.2000368,610160
13121,169,75271,Tampines Ave 9,Blk 721,1.360248334,103.936015,22,0,117.4027615,520716
,170,75279,Tampines Ave 9,Opp Blk 721,1.36047494,103.936204,22,0,129.5058855,520716
75952,277,76351,Tampines Ave 9,Blk 484,1.362138224,103.9530913,26,0,136.848941,520477
45628,237,76131,Tampines Ave 4,UOB Tampines Ctr,1.35184112,103.9425413,24,-2,144.871229,521151
,238,76139,Tampines Ave 4,Opp Century Sq,1.351626918,103.9438501,24,-2,28.36429468,521151
65421,286,76411,Tampines St 32,Ngee Ann Sec Sch,1.353850014,103.9574275,26,-1,55.33100528,520310
,287,76419,Tampines St 32,Blk 307A,1.353662435,103.9564853,26,-1,73.11019382,520310
1067,88,72021,Bedok Reservoir Rd,Blk 646,1.330965312,103.9063219,16,-6,197.4354396,410640
51983,258,76239,Tampines Ave 7,Blk 390,1.356492729,103.9575483,27,-1,35.30316241,520390
76296,441,21561,Corporation Dr,Blk 158,1.328893152,103.7227432,-20,-6,160.8999995,610163
,442,21569,Corporation Dr,Opp Blk 158,1.328572039,103.7228981,-20,-6,198.0211127,610163
,443,21571,Corporation Dr,Opp Jurong Sec Sch,1.330567195,103.7230701,-20,-6,51.67859759,610163
,444,21579,Corporation Dr,Jurong Sec Sch,1.330134723,103.7231809,-20,-6,61.81329685,610163
83227,150,75151,Tampines Ave 8,Opp Blk 871A,1.354517812,103.9314521,21,-1,110.9438204,521869
,151,75159,Tampines Ave 8,Blk 874,1.354051152,103.9314664,21,-1,142.9669564,521869
66502,494,81189,Old Airport Rd,Dakota Stn Exit B/Blk 60,1.308213086,103.8885088,13,-11,140.2815781,390058
13139,150,75151,Tampines Ave 8,Opp Blk 871A,1.354517812,103.9314521,21,-1,48.36128853,521871
,151,75159,Tampines Ave 8,Blk 874,1.354051152,103.9314664,21,-1,73.84628478,521871
17479,404,21371,Jln Boon Lay,Blk 680C,1.345227226,103.7061787,-24,-3,199.2209889,641676
,35,22411,Jurong West Ave 4,Blk 676B,1.34626796,103.703801,-24,-3,88.89421059,641676
,36,22419,Jurong West Ave 4,Jurong West Sub-Stn,1.346225978,103.7028613,-24,-3,188.6058856,641676
58353,288,76421,Tampines St 32,Opp Blk 331,1.353841243,103.9598719,27,-1,194.7013176,520385
,289,76429,Tampines St 32,Blk 331,1.353692221,103.959589,27,-1,184.0059664,520385
,296,76461,Tampines St 34,Eden Condo,1.356109722,103.9598183,27,-1,192.4124976,520385
12028,226,76079,Tampines Ave 2,Blk 101,1.347943889,103.945635,24,-3,172.0280194,521105
45479,144,75121,Tampines Ave 5,Opp Darul Ghufran Mque,1.355933921,103.9390326,23,-1,55.64367664,524518
,145,75129,Tampines Ave 5,Darul Ghufran Mque,1.35563642,103.9393652,23,-1,82.66221773,524518
,302,76529,Tampines Concourse,BLK 519A,1.35741,103.940604,23,-1,187.3565008,524518
85571,128,75019,Tampines Concourse,Tampines Concourse Int,1.357371331,103.9416488,23,-1,196.9945223,521520
,144,75121,Tampines Ave 5,Opp Darul Ghufran Mque,1.355933921,103.9390326,23,-1,154.2259531,521520
,145,75129,Tampines Ave 5,Darul Ghufran Mque,1.35563642,103.9393652,23,-1,164.0960184,521520
,301,76521,Tampines Concourse,OPP BLK 519A,1.357468889,103.940775,23,-1,108.5590739,521520
,302,76529,Tampines Concourse,BLK 519A,1.35741,103.940604,23,-1,88.78434075,521520
77796,229,76091,Tampines Ave 2,Blk 206,1.350716364,103.9527517,26,-2,179.5135911,520284
,270,76301,Tampines St 22,Blk 283,1.349070012,103.9535439,26,-2,101.7082044,520284
85880,144,75121,Tampines Ave 5,Opp Darul Ghufran Mque,1.355933921,103.9390326,23,-1,115.776589,523520
,145,75129,Tampines Ave 5,Darul Ghufran Mque,1.35563642,103.9393652,23,-1,127.949306,523520
,301,76521,Tampines Concourse,OPP BLK 519A,1.357468889,103.940775,23,-1,144.7609796,523520
,302,76529,Tampines Concourse,BLK 519A,1.35741,103.940604,23,-1,125.4657878,523520
845,134,84241,Bedok Nth Rd,Blk 81,1.328613929,103.9400487,23,-6,62.925433,460081
,135,84249,Bedok Nth Rd,Blk 124,1.329416689,103.9396062,23,-6,116.5273424,460081
69704,231,76101,Tampines Ave 2,Tampines East CC,1.353033156,103.9548021,26,-2,137.1732112,520305
,232,76109,Tampines Ave 2,Blk 302,1.3529664,103.9551185,26,-2,103.683386,520305
62000,229,76091,Tampines Ave 2,Blk 206,1.350716364,103.9527517,26,-2,133.5512407,520286
,270,76301,Tampines St 22,Blk 283,1.349070012,103.9535439,26,-2,80.54517629,520286
23576,258,76239,Tampines Ave 7,Blk 390,1.356492729,103.9575483,27,-1,158.8323355,520388
,296,76461,Tampines St 34,Eden Condo,1.356109722,103.9598183,27,-1,189.8945714,520388
65119,229,76091,Tampines Ave 2,Blk 206,1.350716364,103.9527517,26,-2,144.4865945,520294
,270,76301,Tampines St 22,Blk 283,1.349070012,103.9535439,26,-2,178.7681952,520294
7263,98,65071,Punggol Rd,Opp Blk 103A,1.398450741,103.9041638,16,8,92.69068332,823102
,99,65079,Punggol Rd,Blk 102C,1.398951,103.904753,16,8,29.49143567,823102
,107,65151,Punggol Field,Cove Stn Exit B,1.398856503,103.9066211,16,8,187.006776,823102
,108,65159,Punggol Field,Cove Stn Exit A,1.398568723,103.9066529,16,8,191.4428153,823102
27703,498,81209,Geylang East Ctrl,Geylang Meth Pr Sch,1.318436125,103.8842972,12,-8,116.0073643,380108
,499,81211,Geylang East Ctrl,Geylang Polyclinic,1.319046664,103.8866675,12,-8,166.3991224,380108
,0,81219,Geylang East Ctrl,Opp Geylang Polyclinic,1.318771413,103.886687,12,-8,170.6355055,380108
69668,258,76239,Tampines Ave 7,Blk 390,1.356492729,103.9575483,27,-1,105.6367212,520391
45330,169,75271,Tampines Ave 9,Blk 721,1.360248334,103.936015,22,0,136.4879299,520715
,170,75279,Tampines Ave 9,Opp Blk 721,1.36047494,103.936204,22,0,137.2058857,520715
84317,148,75141,Tampines Ave 5,Blk 730,1.35625,103.9337789,22,-1,65.79879709,523868
,149,75149,Tampines Ave 5,Blk 867A,1.355971944,103.9336639,22,-1,38.70569581,523868
70450,404,21371,Jln Boon Lay,Blk 680C,1.345227226,103.7061787,-24,-3,97.2504111,642680
,405,21379,Jln Boon Lay,Blk 263,1.345348552,103.7064891,-24,-3,134.0652114,642680
80376,127,65261,Punggol Ctrl,Blk 649,1.396951554,103.9147884,18,7,105.3566739,820652
,128,65269,Punggol Ctrl,Blk 162B,1.396710154,103.9146722,18,7,121.2959493,820652
70989,99,65079,Punggol Rd,Blk 102C,1.398951,103.904753,16,8,165.8950857,821199
,100,65081,Punggol Rd,Opp Blk 199C,1.400921588,103.9053104,16,8,148.7768222,821199
,101,65089,Punggol Rd,Opp Blk 296,1.401339484,103.9058051,16,8,175.2370821,821199
,107,65151,Punggol Field,Cove Stn Exit B,1.398856503,103.9066211,16,8,122.8131643,821199
,108,65159,Punggol Field,Cove Stn Exit A,1.398568723,103.9066529,16,8,151.9939378,821199
77173,404,21371,Jln Boon Lay,Blk 680C,1.345227226,103.7061787,-24,-3,146.739573,643679
,405,21379,Jln Boon Lay,Blk 263,1.345348552,103.7064891,-24,-3,158.5591079,643679
77403,326,67161,Sengkang East Ave,Opp Blk 101,1.382125,103.8992683,15,4,70.96235988,540101
,327,67169,Sengkang East Ave,Blk 101,1.382534701,103.8992222,15,4,26.07647764,540101
48575,404,21371,Jln Boon Lay,Blk 680C,1.345227226,103.7061787,-24,-3,135.9946957,643677
,405,21379,Jln Boon Lay,Blk 263,1.345348552,103.7064891,-24,-3,169.7340397,643677
,35,22411,Jurong West Ave 4,Blk 676B,1.34626796,103.703801,-24,-3,163.9262141,643677
52140,231,76101,Tampines Ave 2,Tampines East CC,1.353033156,103.9548021,26,-2,172.3363837,520307
,232,76109,Tampines Ave 2,Blk 302,1.3529664,103.9551185,26,-2,137.1047529,520307
79533,286,76411,Tampines St 32,Ngee Ann Sec Sch,1.353850014,103.9574275,26,-1,82.66907311,520309
,287,76419,Tampines St 32,Blk 307A,1.353662435,103.9564853,26,-1,40.51376738,520309
86601,128,75019,Tampines Concourse,Tampines Concourse Int,1.357371331,103.9416488,23,-1,141.0576012,521519
,301,76521,Tampines Concourse,OPP BLK 519A,1.357468889,103.940775,23,-1,48.63661645,521519
,302,76529,Tampines Concourse,BLK 519A,1.35741,103.940604,23,-1,28.82422366,521519
73955,278,76359,Tampines Ave 9,Blk 493B,1.362091681,103.9521788,25,0,147.2207479,520495
30527,127,65261,Punggol Ctrl,Blk 649,1.396951554,103.9147884,18,7,142.5234451,820643
,128,65269,Punggol Ctrl,Blk 162B,1.396710154,103.9146722,18,7,164.0420973,820643
50968,393,67499,Sengkang West Ave,Fernvale Pr Sch,1.390680287,103.8746787,10,6,193.9284365,792407
78835,88,72021,Bedok Reservoir Rd,Blk 646,1.330965312,103.9063219,16,-6,107.5098326,410647
,89,72029,Bedok Reservoir Rd,Opp Blk 646,1.330863987,103.9065521,16,-6,133.0868712,410647
45242,278,76359,Tampines Ave 9,Blk 493B,1.362091681,103.9521788,25,0,74.04544581,522493
